{
  "rewrites": [
    {
      "source": "/artigo_curriculo",
      "destination": "/artigo_curriculo.html"
    },
    {
      "source": "/artigo_entrevista",
      "destination": "/artigo_entrevista.html"
    },
    {
      "source": "/artigo_trabalho_remoto",
      "destination": "/artigo_trabalho_remoto.html"
    },
    {
      "source": "/artigo_profissoes",
      "destination": "/artigo_profissoes.html"
    },
    {
      "source": "/artigo_cursos",
      "destination": "/artigo_cursos.html"
    }
  ]
}